{"train_losses": [0.9117467615673011, 0.6359798063477167, 0.6222207020941398, 0.6076197729265089, 0.5790859765286068, 0.5488145344977756, 0.5343639522576503, 0.5244430957509459, 0.5063313715320696, 0.497126445495825, 0.4936067401934013, 0.49191029487753946, 0.4828095474689127, 0.486105795601289, 0.5078782224826676, 0.4720362154699916, 0.4595420456377508, 0.455966691962249, 0.45418401845067524, 0.44369362090988984, 0.4364924347229141], "val_losses": [0.6349877808775221, 0.6126965062958853, 0.6427538105419703, 0.5785804901804242, 0.5554427930286953, 0.5289908673082079, 0.5094314336776733, 0.49237793173108785, 0.4867309008325849, 0.4953842009816851, 0.47132865105356486, 0.4876485330717904, 0.5264148107596807, 0.5298633643559048, 0.4708029678889683, 0.4533406938825335, 0.5418670185974666, 0.4646643085139138, 0.45703666125025066, 0.4512025662830898, 0.4566584629671914], "train_accuracies": [0.595998201438849, 0.6405125899280576, 0.6587230215827338, 0.6764838129496403, 0.6991906474820144, 0.7225719424460432, 0.7297661870503597, 0.7457284172661871, 0.75, 0.7524730215827338, 0.7571942446043165, 0.7542715827338129, 0.7657374100719424, 0.7695593525179856, 0.7367356115107914, 0.762589928057554, 0.7733812949640287, 0.7816996402877698, 0.7839478417266187, 0.7983363309352518, 0.7987859712230215], "val_accuracies": [0.6230567233903067, 0.6917016812733241, 0.6241596639156342, 0.7006302527018956, 0.7282037820134845, 0.7371323534420559, 0.7478466391563415, 0.7568802527018956, 0.769957983493805, 0.7396008406366621, 0.7711659669876099, 0.765808824130467, 0.7372373955590384, 0.7451680677277701, 0.7682773113250733, 0.7897058827536446, 0.740126051221575, 0.7711659669876099, 0.7758403369358607, 0.7828781519617353, 0.7861344541822161]}