{"train_losses": [0.65928354194696, 0.6306493543892455, 0.617082474686259, 0.6009615168725844, 0.5849159460702389, 0.5728055273028586, 0.5562774354605367, 0.5461128827908056, 0.5437708985891273, 0.5271234731022403, 0.513158438660258, 0.5086052415611075, 0.5059986306930617, 0.4882687081535943, 0.4834995563510511, 0.4782172868148886, 0.4727772617940422, 0.4670687221365867, 0.4631909580110646, 0.45615416046955604, 0.4334887380865838], "val_losses": [0.6607336410454341, 0.6038294272763388, 0.6015620410442353, 0.5727439939975738, 0.5779614176068987, 0.578037988288062, 0.5739373173032488, 0.5493073497499739, 0.5432692791734423, 0.534133186510631, 0.5244092353752681, 0.5326296031475067, 0.5059055294309344, 0.5008228463785989, 0.49555847559656413, 0.48753964049475534, 0.5169278332165309, 0.49822773592812675, 0.5324493518897465, 0.5070646379675184, 0.47934299111366274], "train_accuracies": [0.6238758992805755, 0.6450089928057554, 0.6706384892086331, 0.6872751798561151, 0.6998651079136691, 0.7057104316546763, 0.7259442446043165, 0.7295413669064749, 0.7347122302158273, 0.7387589928057554, 0.7619154676258992, 0.752023381294964, 0.7538219424460432, 0.7598920863309353, 0.7682104316546763, 0.7677607913669064, 0.7769784172661871, 0.7828237410071942, 0.7852967625899281, 0.7886690647482014, 0.8023830935251799], "val_accuracies": [0.6486344541822161, 0.6773109248706273, 0.6654936977795192, 0.7143907564026969, 0.6940651263509477, 0.7109243699482509, 0.7127100842339652, 0.7403886556625366, 0.7393907564026969, 0.7349264706884112, 0.7591386556625366, 0.7491071428571429, 0.7598214285714285, 0.7697478992598398, 0.7758928571428572, 0.7884978992598397, 0.758350840636662, 0.7706407564026969, 0.7396008406366621, 0.7581407564026968, 0.7857142857142857]}